<?xml version='1.0' encoding='UTF-8'?>
<?artifactRepository version='1.1.0'?>
<repository name='file:/G:/workspace/Anypointworkspace/sunrisesunset-connector/target/update-site/ - artifacts' type='org.eclipse.equinox.p2.artifact.repository.simpleRepository' version='1'>
  <properties size='2'>
    <property name='p2.timestamp' value='1504466541059'/>
    <property name='p2.compressed' value='false'/>
  </properties>
  <mappings size='3'>
    <rule filter='(&amp; (classifier=osgi.bundle))' output='${repoUrl}/plugins/${id}_${version}.jar'/>
    <rule filter='(&amp; (classifier=binary))' output='${repoUrl}/binary/${id}_${version}'/>
    <rule filter='(&amp; (classifier=org.eclipse.update.feature))' output='${repoUrl}/features/${id}_${version}.jar'/>
  </mappings>
  <artifacts size='2'>
    <artifact classifier='org.eclipse.update.feature' id='org.mule.tooling.ui.extension.sunrisesunset-connector.3.5.0' version='1.0.0.201709031522'>
      <properties size='4'>
        <property name='artifact.size' value='650'/>
        <property name='download.size' value='650'/>
        <property name='download.md5' value='75138b1c36e43a5460006821e2e33113'/>
        <property name='download.contentType' value='application/zip'/>
      </properties>
    </artifact>
    <artifact classifier='osgi.bundle' id='org.mule.tooling.ui.contribution.sunrisesunset.3.5.0' version='1.0.0.201709031522'>
      <properties size='3'>
        <property name='artifact.size' value='334463'/>
        <property name='download.size' value='334463'/>
        <property name='download.md5' value='72c7b297c5094560e4baa553cfd977f3'/>
      </properties>
    </artifact>
  </artifacts>
</repository>
